title	subcategory
6D (2,0) superconformal field theory	Category:Particle physics
Abelian sandpile model	Category:Applied and interdisciplinary physics
Adenosine triphosphate	Category:Biochemistry
Affine connection	Category:Theoretical physics
Agonist	Category:Biochemistry
Aharonov–Bohm effect	Category:Condensed matter physics
Allosteric regulation	Category:Cell biology
Alternative splicing	Category:Biochemistry
Analytical mechanics	Category:Mechanics
Ankyrin repeat	Category:Cell biology
Apoptosis	Category:Cell biology
Archaeal transcription factor B	Category:Biochemistry
Bcl-2 homologous antagonist killer	Category:Cell biology
Bcl-2-associated X protein	Category:Cell biology
Bioinformatics Open Source Conference	Category:Computational biology
Cell nucleus	Category:Anatomy
Center of mass (relativistic)	Category:Mechanics
Central dogma of molecular biology	Category:Biochemistry
Computational genomics	Category:Computational biology
Conformal field theory	Category:Theoretical physics
Continuous symmetry	Category:Theoretical physics
Critical phenomena	Category:Condensed matter physics
Crystallographic point group	Category:Biophysics
Cyclin	Category:Cell biology
Cyclin-dependent kinase 7	Category:Cell biology
DNA damage (naturally occurring)	Category:Cell biology
DNA-binding domain	Category:Genetics
Differential form	Category:Theoretical physics
Dirac bracket	Category:Philosophy of physics
Direct methods (crystallography)	Category:Biophysics
Discrete Fourier transform	Category:Mathematical analysis
Electromagnetic four-potential	Category:Mechanics
Erlangen program	Category:Theoretical physics
European Conference on Computational Biology	Category:Computational biology
Exoskeleton	Category:Anatomy
Flow (mathematics)	Category:Mechanics
Fourier analysis	Category:Applied and interdisciplinary physics
Frölicher–Nijenhuis bracket	Category:Theoretical physics
Functional renormalization group	Category:Mechanics
Functional selectivity	Category:Biochemistry
Gauge fixing	Category:Particle physics
Gene expression	Category:Biochemistry
Glycolysis	Category:Biochemistry
Grassmannian	Category:Theoretical physics
Group (mathematics)	Category:Theoretical physics
Group contraction	Category:Theoretical physics
H-theorem	Category:Philosophy of physics
Haar measure	Category:Mathematical analysis
Hamilton's principle	Category:Theoretical physics
Hamilton–Jacobi equation	Category:Theoretical physics
Heisenberg group	Category:Theoretical physics
Homeobox	Category:Evolutionary biology
Intelligent Systems for Molecular Biology	Category:Computational biology
Isotopic labeling	Category:Biochemistry
Josephson effect	Category:Condensed matter physics
Klein–Gordon equation	Category:Particle physics
Leslie Orgel	Category:Astrobiology
Lie algebra extension	Category:Particle physics
Lie algebroid	Category:Theoretical physics
Lie bracket of vector fields	Category:Theoretical physics
Lie group	Category:Theoretical physics
Ligand (biochemistry)	Category:Biochemistry
Local quantum field theory	Category:Particle physics
Lorentz covariance	Category:Theoretical physics
Macromolecular docking	Category:Computational biology
Macromolecule	Category:Molecular biology
Macroscopic quantum phenomena	Category:Condensed matter physics
Macroscopic quantum self-trapping	Category:Condensed matter physics
Magnetic flux quantum	Category:Condensed matter physics
Maurer–Cartan form	Category:Theoretical physics
Mdm2	Category:Cell biology
Messenger RNA	Category:Biochemistry
Metastability	Category:Mechanics
Microscopic reversibility	Category:Applied and interdisciplinary physics
Modelling biological systems	Category:Computational biology
Molecular symmetry	Category:Theoretical physics
Motion (geometry)	Category:Theoretical physics
Moyal bracket	Category:Mechanics
Moyal product	Category:Theoretical physics
Multipole density formalism	Category:Biophysics
N = 4 supersymmetric Yang–Mills theory	Category:Particle physics
N-terminus	Category:Cell biology
NDPCP	Category:Genetics
P53	Category:Cell biology
Pi Josephson junction	Category:Condensed matter physics
Plücker embedding	Category:Theoretical physics
Poincaré group	Category:Mechanics
Protein production	Category:Biochemistry
Protein structure prediction	Category:Computational biology
Quantum field theory	Category:Mechanics
Quantum topology	Category:Mechanics
Quartic interaction	Category:Particle physics
Renormalization	Category:Particle physics
Renormalization group	Category:Mechanics
Second law of thermodynamics	Category:Philosophy of physics
Skeleton	Category:Anatomy
Small nuclear RNA	Category:Genetics
Space group	Category:Biophysics
Sydney Brenner	Category:Biologists by field of research
Symmetry in quantum mechanics	Category:Mechanics
Symmetry of diatomic molecules	Category:Atomic, molecular, and optical physics
Symplectic manifold	Category:Theoretical physics
T-symmetry	Category:Mechanics
The Proteolysis Map	Category:Biochemistry
Thermodynamic equilibrium	Category:Thermodynamics
Time translation symmetry	Category:Mechanics
TopFIND	Category:Systems biology
Topological defect	Category:Physical cosmology
Topological quantum field theory	Category:Particle physics
Transcription (biology)	Category:Biochemistry
Transcription factor	Category:Biochemistry
Translation (biology)	Category:Biochemistry
Translation operator (quantum mechanics)	Category:Mechanics
Very special relativity	Category:Mechanics
Virasoro algebra	Category:Theoretical physics
Wess–Zumino–Witten model	Category:Particle physics
Wightman axioms	Category:Particle physics
Winding number	Category:Theoretical physics
X-inactivation	Category:Genetics
X-ray crystallography	Category:Biophysics
